<Configuration>
  <Add OfficeClientEdition="64" Channel="">
    <Product ID="">
      <Language ID="MatchOS" />
      <Language ID="en-us" />
      <ExcludeApp ID="Access" />
      <ExcludeApp ID="Excel" />
      <ExcludeApp ID="Groove" />
      <ExcludeApp ID="Lync" />
      <ExcludeApp ID="OneDrive" />
      <ExcludeApp ID="OneNote" />
      <ExcludeApp ID="Outlook" />
      <ExcludeApp ID="PowerPoint" />
      <ExcludeApp ID="Publisher" />
      <ExcludeApp ID="Teams" />
      <ExcludeApp ID="Word" />
    </Product>
    <Product ID="ProofingTools">
      <Language ID="MatchOS" />
      <Language ID="en-us" />
    </Product>
  </Add>
  <Property Name="PinIconsToTaskbar" Value="FALSE" />
  <Property Name="FORCEAPPSHUTDOWN" Value="TRUE" />
  <Updates Enabled="TRUE" />
  <Display Level="Full" AcceptEULA="TRUE" />
  <Logging Level="Off" />
</Configuration>
